,scenario_type,below_average_count_0,mean_score_0,below_average_count_1,mean_score_1,below_average_count_2,mean_score_2,below_average_count_3,mean_score_3,below_average_count_4,mean_score_4,total_below_average_count,total_mean_score
44,stopping_at_stop_sign_no_crosswalk,47.0,0.8933410506405317,38.0,0.7781340074481102,47.0,0.8267673895411501,35.0,0.5520772815834093,4.0,0.92,171.0,0.7940639458426403
45,stopping_at_stop_sign_without_lead,42.0,0.8983283410613383,34.0,0.7743802494041528,44.0,0.8309478441946121,32.0,0.5677205882969403,4.0,0.92,156.0,0.7982754045914087
36,starting_unprotected_cross_turn,49.0,0.8795822985521373,30.0,0.7886479326081404,45.0,0.8113017674222637,26.0,0.6119981794012576,2.0,0.96,152.0,0.8103060355967597
28,on_stopline_stop_sign,36.0,0.9096070457139211,37.0,0.765458475827922,34.0,0.8560350149185193,37.0,0.5561372718500287,1.0,0.98,145.0,0.8134475616620783
33,starting_right_turn,34.0,0.9144539673084209,35.0,0.7800944029258069,30.0,0.8761076505827898,34.0,0.5779475543377636,2.0,0.96,135.0,0.8217207150309562
27,on_stopline_crosswalk,30.0,0.9304386656561415,37.0,0.7695439420991634,28.0,0.896803094597326,37.0,0.5651788643544484,2.0,0.96,134.0,0.824392913341416
37,starting_unprotected_noncross_turn,32.0,0.9235241407169932,36.0,0.7925856717830446,30.0,0.8974695403745561,33.0,0.6138468492887932,1.0,0.98,132.0,0.8414852404326775
31,starting_protected_cross_turn,33.0,0.9133296223936804,32.0,0.7650020009967463,29.0,0.8828867173443062,33.0,0.55029722971547,4.0,0.92,131.0,0.8063031140900406
54,waiting_for_pedestrian_to_cross,32.0,0.9082130550598891,29.0,0.8035740199547636,31.0,0.8397702651887464,36.0,0.5876432063820343,1.0,0.98,129.0,0.8238401093170868
24,on_carpark,28.0,0.937528084305796,40.0,0.7661137146292292,19.0,0.9214687460855441,35.0,0.5522535788252102,4.0,0.92,126.0,0.819472824769156
34,starting_straight_stop_sign_intersection_traversal,32.0,0.9161389491421685,31.0,0.7789528881252511,26.0,0.8741944628138828,29.0,0.5844398584077052,3.0,0.94,121.0,0.8187452316978014
26,on_pickup_dropoff,35.0,0.9050305672249594,24.0,0.8176245055553791,33.0,0.861123447425959,22.0,0.6598776682298854,2.0,0.96,116.0,0.8407312376872366
25,on_intersection,28.0,0.9291251190295982,31.0,0.7897661128759398,24.0,0.9067090490026586,30.0,0.5982731001099727,2.0,0.96,115.0,0.8367746762036339
29,on_stopline_traffic_light,25.0,0.9270183455215698,28.0,0.7906523089727001,24.0,0.8726423169152997,32.0,0.5667122157392732,3.0,0.94,112.0,0.8194050374297686
43,stopping_at_crosswalk,26.0,0.9154012888658123,27.0,0.8158249017046434,27.0,0.8653859073726524,26.0,0.6440641455675642,6.0,0.88,112.0,0.8241352487021345
3,behind_pedestrian_on_driveable,24.0,0.925511599618533,30.0,0.7666966144165932,24.0,0.9089791896776798,30.0,0.5478322456009669,0.0,1.0,108.0,0.8298039298627545
11,high_lateral_acceleration,20.0,0.9380512171821949,35.0,0.7828074601521972,20.0,0.9012392382538504,31.0,0.5847520349990443,1.0,0.98,107.0,0.8373699901174572
51,traversing_pickup_dropoff,32.0,0.9137073339381326,22.0,0.8196413087930788,31.0,0.8757173008527509,19.0,0.6744596422491815,2.0,0.96,106.0,0.8487051171666288
32,starting_protected_noncross_turn,25.0,0.9308399165802914,29.0,0.7920571250212087,20.0,0.9144820728101672,29.0,0.6145002198723573,0.0,1.0,103.0,0.850375866856805
30,on_traffic_light_intersection,22.0,0.9318397027476288,23.0,0.8125848851034084,23.0,0.906186486143942,25.0,0.6458653620616094,3.0,0.94,96.0,0.8472952872113175
10,following_lane_without_lead,12.0,0.9512815218349365,33.0,0.7770754894402583,13.0,0.922063742022069,34.0,0.5759635203520781,3.0,0.94,95.0,0.8332768547298685
0,accelerating_at_crosswalk,22.0,0.9012951761530757,22.0,0.7214939551223843,22.0,0.8557452226870709,23.0,0.42251871707100574,2.0,0.9333333333333333,91.0,0.766877280873374
16,near_barrier_on_driveable,25.0,0.9313646633543715,22.0,0.8237771579121613,25.0,0.8910388857434641,14.0,0.6910932566497523,0.0,1.0,86.0,0.8674547927319498
48,traversing_crosswalk,17.0,0.935671494253737,23.0,0.798582838537088,15.0,0.9113579490476554,24.0,0.6292740751407739,4.0,0.92,83.0,0.8389772713958509
52,traversing_traffic_light_intersection,10.0,0.9560512119750751,28.0,0.7932569842288802,8.0,0.9403374653826146,26.0,0.6002694817864999,3.0,0.94,75.0,0.845983028674614
23,near_trafficcone_on_driveable,11.0,0.9547086693236548,24.0,0.827912779728292,12.0,0.9282768244702087,25.0,0.6474604341076183,1.0,0.98,73.0,0.8676717415259547
2,behind_bike,12.0,0.9551258745906865,20.0,0.8182519162271278,12.0,0.9402607506063428,27.0,0.6413482513815083,0.0,1.0,71.0,0.870997358561133
15,medium_magnitude_speed,11.0,0.9626559526177171,23.0,0.8213929079339158,12.0,0.9440740676216715,24.0,0.652669682481343,1.0,0.98,71.0,0.8721585221309294
22,near_pedestrian_on_crosswalk,10.0,0.9554883574527304,22.0,0.8189311272052657,12.0,0.9248260177413801,24.0,0.639238080074305,2.0,0.96,70.0,0.8596967164947362
5,changing_lane_to_right,7.0,0.9485440909254981,28.0,0.7813840208859946,4.0,0.9374656009968891,24.0,0.6025724690450796,0.0,1.0,63.0,0.8539932363706922
49,traversing_intersection,9.0,0.9632861079452585,20.0,0.8191350913092272,8.0,0.9482016622506859,19.0,0.6481691848302285,4.0,0.92,60.0,0.85975840926708
1,accelerating_at_traffic_light_with_lead,2.0,0.9730798904215986,23.0,0.8138229943819438,7.0,0.9589098159369663,24.0,0.624919834089873,1.0,0.98,57.0,0.8701465069660763
35,starting_straight_traffic_light_intersection_traversal,14.0,0.9213488812538067,12.0,0.8096764919824326,14.0,0.8633886247855886,14.0,0.6100027882651896,2.0,0.9130434782608695,56.0,0.8234920529095774
19,near_long_vehicle,7.0,0.9697952339205892,22.0,0.8220768535011992,5.0,0.9601897604601018,20.0,0.653358164495896,0.0,1.0,54.0,0.8810840024755573
21,near_multiple_vehicles,6.0,0.9693438008350802,20.0,0.8423066062419635,7.0,0.956232753799779,19.0,0.6942231021730848,1.0,0.98,53.0,0.8884212526099816
53,unknown,9.0,0.9603185977872228,18.0,0.8497193266161509,9.0,0.9412238236574274,16.0,0.7179208432054354,0.0,1.0,52.0,0.8938365182532474
41,stationary_at_traffic_light_without_lead,12.0,0.9601881652942077,12.0,0.918974229252215,12.0,0.939275233614107,12.0,0.8235396274911342,0.0,1.0,48.0,0.9283954511303328
46,stopping_at_traffic_light_without_lead,9.0,0.9439029731487554,12.0,0.8790858127644227,9.0,0.9157128795743542,11.0,0.7843348391823374,2.0,0.96,43.0,0.8966073009339739
14,low_magnitude_speed,6.0,0.9586838885991774,13.0,0.8586623650019305,7.0,0.9473360172113808,14.0,0.7356091901303187,1.0,0.98,41.0,0.8960582921885614
4,changing_lane_to_left,11.0,0.9303472043497591,12.0,0.7622885839046089,6.0,0.9108286333655712,11.0,0.5786226679937028,0.0,1.0,40.0,0.8364174179227284
40,stationary_at_traffic_light_with_lead,11.0,0.9584407616624117,8.0,0.9198886096524777,9.0,0.9470080463934623,11.0,0.8303434424863094,1.0,0.98,40.0,0.9271361720389322
17,near_construction_zone_sign,3.0,0.9760863219401006,14.0,0.850273212739419,3.0,0.9667793173827494,17.0,0.702382058189981,1.0,0.98,38.0,0.89510418205045
8,following_lane_with_lead,0.0,0.9754833909935996,19.0,0.8355728267655204,0.0,0.9729792631311587,18.0,0.6752915467032544,0.0,1.0,37.0,0.8918654055187065
13,high_magnitude_speed,3.0,0.9800311775783913,10.0,0.8649266667256399,3.0,0.9686780327615303,14.0,0.7313841320669868,2.0,0.96,32.0,0.9010040018265096
50,traversing_narrow_lane,7.0,0.9448150344585632,7.0,0.8173695691218564,5.0,0.9137624685385091,7.0,0.6355930237982054,0.0,1.0,26.0,0.8623080191834267
18,near_high_speed_vehicle,1.0,0.9837375584546626,9.0,0.8691294808966813,2.0,0.9742567656991606,11.0,0.7333014796258509,1.0,0.98,24.0,0.9080850569352711
9,following_lane_with_slow_lead,2.0,0.9725688081060375,7.0,0.8724218861266972,4.0,0.9623482056835866,10.0,0.7622676892118334,1.0,0.98,24.0,0.909921317825631
42,stationary_in_traffic,4.0,0.9731422734243976,5.0,0.9425848910350028,3.0,0.9686398739451408,7.0,0.8681983332815326,1.0,0.98,20.0,0.9465130743372147
38,stationary,7.0,0.9716800608380141,4.0,0.9498647639309032,3.0,0.9681911995080277,5.0,0.9008361969544323,0.0,1.0,19.0,0.9581144442462755
12,high_magnitude_jerk,3.0,0.9697608838803095,6.0,0.7948078430019562,3.0,0.952029121331106,6.0,0.6161217125210245,0.0,1.0,18.0,0.8665439121468793
7,crossed_by_vehicle,4.0,0.975590577563517,4.0,0.8165909246457028,0.0,0.9742712275337345,7.0,0.660577656017545,0.0,1.0,15.0,0.8854060771520998
47,stopping_with_lead,4.0,0.9703391522579103,2.0,0.9387342809716865,3.0,0.9663003961932369,5.0,0.888733120021368,0.0,1.0,14.0,0.9528213898888402
6,changing_lane_with_trail,1.0,0.9347481091873593,1.0,0.7341464443257179,0.0,0.9263196984212716,1.0,0.48388701125524003,0.0,1.0,3.0,0.8158202526379178
39,stationary_at_crosswalk,0.0,0.9856223566509374,0.0,0.8682094303026324,0.0,0.9789600440548988,0.0,0.7567831452678215,0.0,1.0,0.0,0.917914995255258
20,near_multiple_pedestrians,0.0,0.992828755610893,0.0,0.9857728539059437,0.0,0.9935306984253949,0.0,0.9830150087096569,0.0,1.0,0.0,0.9910294633303778
